Commit made at Sat Jul 20 01:32:10 UTC 2024
Commit made at Sat Jul 20 01:39:37 UTC 2024 with sticker: ğŸ™ Be thankful.
Commit made at Sun Jul 21 00:29:55 UTC 2024 with sticker: ğŸ˜ Happiness looks gorgeous on you.
Commit made at Sun Jul 21 12:53:30 UTC 2024 with sticker: 🙌 Together we achieve more.
Commit made at Mon Jul 22 02:25:59 UTC 2024 with sticker: 🙌 Together we achieve more.
Commit made at Mon Jul 22 02:29:58 UTC 2024 with sticker: ğŸ‘ Youâ€™re doing great.
Commit made at Mon Jul 22 08:43:54 UTC 2024 with sticker: ğŸ™ Be thankful.
Commit made at Mon Jul 22 08:44:00 UTC 2024 with sticker: ğŸ‘ Learn from your mistakes.
Commit made at Mon Jul 22 12:44:49 UTC 2024 with sticker: 😊 Keep smiling, it's contagious.
Commit made at Tue Jul 23 01:39:54 UTC 2024 with sticker: 💪 Stay strong.
Commit made at Tue Jul 23 12:44:09 UTC 2024 with sticker: ğŸ¤·â€â™‚ï¸ Embrace the unknown.
Commit made at Wed Jul 24 01:39:40 UTC 2024 with sticker: 💪 Stay strong.
